{"number1":649631,"number2":436352,"number3":812683,"number4":143509,"number5":277014,"number6":-766747,"number7":-953181,"number8":-852602,"number9":-241131,"number10":-303712,"number11":9.20407971247308E7,"number12":1.7031015973665464E8,"number13":9.762574651439922E8,"number14":3.619605956035532E7,"number15":8.052486269546825E8,"number16":2.3500191100562805E8,"number17":2.9792413695649344E8,"number18":8.939086719582729E8,"number19":9.912041067759131E8,"number20":3.9087496697084445E8}