{"number1":-773695814,"number2":-898985081,"number3":-1044334578,"number4":601344882,"number5":-1891750705,"number6":1912914684,"number7":783916399,"number8":-747784018,"number9":187856366,"number10":1077440403,"number11":1.528054791988148E8,"number12":3.334669752791244E8,"number13":6.90149793196442E8,"number14":5.416967819982349E8,"number15":4.089321617970176E7,"number16":9.226185109589455E8,"number17":6.978718829921261E8,"number18":2.827481859513198E8,"number19":7.988458908521249E8,"number20":8.193148718854578E8}