{"string1":"oepmLoiru ods srli m","string2":"m oiu  sopdrmresoilL","number1":332897,"number2":320553,"number3":-360426,"number4":-969021,"number5":5.128854486296356E8,"number6":1.6227200185713097E8,"number7":7.866559267466515E8,"number8":9.150998566312561E8}