{"string1":"r siLorem ipsum dolo","string2":"or siLorem ipsum dol","number1":1534917788,"number2":410298825,"number3":-1726011359,"number4":-1980223427,"number5":4.3854886392037E8,"number6":2.5307719046724352E8,"number7":5.878794168211371E8,"number8":9.307138181374322E8}